iter	Logloss
0	0.5982193634
1	0.5668466283
2	0.5544568788
3	0.5478267712
4	0.5449966138
5	0.5430284906
6	0.5417036657
7	0.5400348698
8	0.5394740148
9	0.5390226658
